,pH,Wavelength (nm),Absorbance Before (Au),Absorbance After (Au),Percent Difference (%),Mean Difference,Standard Deviation,Interval,Lower Bound,Upper Bound,Confidence Interval
0,1.0,330.0,0.05738,0.02146,-62.60041243788127,-0.03592,0.00023874672772626761,0.0002964432165066635,-0.03621644321650666,-0.03562355678349334,-0.03592 ± 0.0003
1,4.0,330.0,0.05738,0.028560000000000002,-50.22699940293042,-0.028820000000000002,0.0001923538406167139,0.00023883883880999903,-0.02905883883881,-0.028581161161190003,-0.02882 ± 0.00024
2,7.0,330.0,0.05752,0.042480000000000004,-26.147878175887065,-0.015040000000000001,0.0001516575088810308,0.00018830766883484392,-0.015228307668834845,-0.014851692331165157,-0.01504 ± 0.00019
3,10.0,330.0,0.05738,0.04842,-15.614228313006691,-0.008960000000000001,0.000313049516849972,0.0003887023147276936,-0.009348702314727694,-0.008571297685272308,-0.00896 ± 0.00039
4,13.0,330.0,0.05738,0.05566,-2.9971533306698386,-0.0017200000000000006,0.0002489979919597734,0.0003091718422414816,-0.002029171842241482,-0.001410828157758519,-0.00172 ± 0.00031
