,Sample,Linear Regression Equation,R-squared Value
0,E2-SA,0.03462x + 0.032,0.93641
1,E2-EA,0.22341x + 0.20923,0.98741
2,E2-CAM,0.03869x + 0.03574,0.98148
3,E2-AA,0.061x + 0.04772,0.55548
4,E2-A,0.15802x + 0.14669,0.98514
