,Sample,Linear Regression Equation,R-squared Value
0,E1-SA,0.02504x + 0.0246,0.98949
1,E1-EA,-0.00751x + 0.33428,0.90601
2,E1-CAM,0.00041x + 0.00251,0.92071
3,E1-AA,-0.00117x + 0.06786,0.81612
4,E1-A,-0.00301x + 0.14577,0.95623
