,Sample,Linear Regression Equation,R-squared
0,E4-SA,0.00419x + 0.00115,0.96666
1,E4-EA,0.04887x + 0.05568,0.90556
2,E4-CAM,0.00179x + -0.0058,0.96791
3,E4-AA,0.00068x + 0.04285,0.99879
4,E4-A,0.02444x + 0.02804,0.95038
