,ReferenceNum,Wavelength (nm),Absorbance Before (Au),Absorbance After (Au),Percent Difference (%),Mean Difference,Standard Deviation,Interval,Lower Bound,Upper Bound,Confidence Interval
0,5.0,330.0,0.05736,0.03642,-36.503850763273896,-0.020939999999999997,0.00037148351242013414,0.0006367690746310659,-0.014676769074631066,-0.013403230925368935,-0.01404 ± 0.00046
1,4.0,330.0,0.05752,0.055420000000000004,-3.650437891844291,-0.0021000000000000003,0.0001516575088810308,0.00032851341511493207,-0.015368513415114934,-0.014711486584885069,-0.01504 ± 0.00019
2,3.0,330.0,0.057479999999999996,0.04642,-19.241171717179874,-0.01106,0.00023021728866442717,0.00028585251909870327,-0.011345852519098703,-0.010774147480901297,-0.01106 ± 0.00029
3,2.0,330.0,0.05752,0.042480000000000004,-26.147878175887065,-0.015040000000000001,0.0002645751311064594,0.00018830766883484392,-0.002288307668834844,-0.0019116923311651565,-0.0021 ± 0.00033
4,1.0,330.0,0.05758,0.04354,-24.382932115488792,-0.01404,0.0005128352561983256,0.0004612577032983623,-0.02140125770329836,-0.020478742296701633,-0.02094 ± 0.00064
