,Sample,Linear Regression Equation,R-squared
0,E3-SA,0.03203x + 0.00179,0.01121
1,E3-EA,0.1797x + 0.16452,0.10043
2,E3-CAM,0.01238x + 0.01246,0.00039
3,E3-AA,0.03922x + 0.03243,0.35329
4,E3-A,0.05721x + 0.05805,0.00135
