,ReferenceNum,Wavelength (nm),Absorbance Before (Au),Absorbance After (Au),Percent Difference (%),Mean Difference,Standard Deviation,Interval,Lower Bound,Upper Bound,Confidence Interval
0,5.0,330.0,0.16842,0.0986,-41.45588611568714,-0.06982,0.00026832815729997315,0.0002221156084158259,-0.061042115608415826,-0.06059788439158417,-0.06082 ± 0.00033
1,4.0,330.0,0.1683,0.1535,-8.793763181611483,-0.014800000000000002,0.0003974921382870325,0.0002633967099255207,-0.015203396709925524,-0.014676603290074483,-0.01494 ± 0.00049
2,3.0,330.0,0.16843999999999998,0.14636,-13.108023592534233,-0.022079999999999995,0.0005718391382198264,0.0007100320706914259,-0.02279003207069142,-0.02136996792930857,-0.02208 ± 0.00071
3,2.0,330.0,0.16844,0.1535,-8.869337818097598,-0.014940000000000004,0.00021213203435596054,0.0004935516776800412,-0.015293551677680043,-0.014306448322319962,-0.0148 ± 0.00026
4,1.0,330.0,0.16821999999999998,0.10740000000000001,-36.154961997763294,-0.06082,0.0001788854381999848,0.0003331734126237338,-0.07015317341262373,-0.06948682658737626,-0.06982 ± 0.00022
